name,content
Absoo,"Absoo! avail huge discounts"
Absoo,"Absoo! this is the thing you need"
BonBon,"BonBon! avail huge discounts"
BonBon,"BonBon! avail huge discounts"
BonBon,"BonBon! avail huge discounts"
BonBon,"BonBon! this is the thing you need"
Bonzo,"Bonzo! become a member today"
Bonzo,"Bonzo! this is the thing you need"
Bonzo,"Bonzo! coming soon in a store near you!"
Crombie,"Crombie! try this and you would try again!"
Crombie,"Crombie! coming soon in a store near you!"
Crombie,"Crombie! this is the thing you need"
Crombie,"Crombie! try this and you would try again!"
Crombie,"Crombie! coming soon in a store near you!"
Greeno,"Greeno! avail huge discounts"
Metsu,"Metsu! like us on facebook to get a discount"
Metsu,"Metsu! now available in a store near you"
PLanetM,"PLanetM! coming soon in a store near you!"
PLanetM,"PLanetM! try this and you would try again!"
Radix,"Radix! avail huge discounts"
Radix,"Radix! coming soon in a store near you!"
Troy,"Troy! like us on facebook to get a discount"
Zico,"Zico! become a member today"
Zico,"Zico! avail huge discounts"
Zippy,"Zippy! now available in a store near you"
Zuke,"Zuke! become a member today"
Zuke,"Zuke! avail huge discounts"
