Bruno_Larson@msn.com,Bruno_Larson,Bruno Larson,1966-04-16,1222 13street Illinois US,R
Tom_Chrysler@gmail.com,Tom_Chrysler,Tom Chrysler,1955-10-02,2088 10street Masachussets US,R
Betty_Chrysler@yahoo.com,Betty_Chrysler,Betty Chrysler,1967-08-01,1413 6street Washington US,R
Monica_Toddbridge@gmail.com,Monica_Toddbridge,Monica Toddbridge,1977-10-28,1309 4street Hawaii US,R
Betty_Helibron@yahoo.com,Betty_Helibron,Betty Helibron,1967-02-08,555 14street Illinois US,R
Roger_Lomet@msn.com,Roger_Lomet,Roger Lomet,1962-03-22,1691 21street Michigan US,R
Sam_Peterson@hotmail.com,Sam_Peterson,Sam Peterson,1992-07-08,428 3street Michigan US,R
Christy_Li@msn.com,Christy_Li,Christy Li,1975-12-12,865 8street Utah US,R
Albert_Carey@msn.com,Albert_Carey,Albert Carey,1994-04-18,1198 15street Illinois US,R
Bruno_Keit@gmail.com,Bruno_Keit,Bruno Keit,1991-12-04,1869 22street California US,R
Kitty_Toddbridge@msn.com,Kitty_Toddbridge,Kitty Toddbridge,1975-11-15,274 20street California US,R
Denny_Karipova@yahoo.com,Denny_Karipova,Denny Karipova,1988-11-22,262 19street Michigan US,R
Albert_Karipova@gmail.com,Albert_Karipova,Albert Karipova,1989-07-25,1635 4street Utah US,R
Alex_Keit@gmail.com,Alex_Keit,Alex Keit,1964-01-15,629 19street Masachussets US,R
Tina_Keit@msn.com,Tina_Keit,Tina Keit,1990-09-02,1768 12street Wyoming US,R
George_Smith@hotmail.com,George_Smith,George Smith,1968-08-28,1504 1street Wyoming US,R
Monica_Keit@yahoo.com,Monica_Keit,Monica Keit,1981-03-11,424 1street Oregon US,R
Nadir_Toddbridge@hotmail.com,Nadir_Toddbridge,Nadir Toddbridge,1977-05-07,1585 7street Nevada US,R
Peter_Karipova@hotmail.com,Peter_Karipova,Peter Karipova,1959-02-09,475 13street Wyoming US,R
Mandy_Smith@gmail.com,Mandy_Smith,Mandy Smith,1961-06-03,1045 3street Illinois US,R
Jeremy_Parker@msn.com,Jeremy_Parker,Jeremy Parker,1987-07-21,487 11street Michigan US,R
John_Parker@yahoo.com,John_Parker,John Parker,1987-12-23,838 7street Masachussets US,R
Sarena_Carey@hotmail.com,Sarena_Carey,Sarena Carey,1966-09-21,323 8street Wyoming US,R
Gina_Toddbridge@msn.com,Gina_Toddbridge,Gina Toddbridge,1964-02-19,877 20street Pennsylvania US,R
Roger_Carey@msn.com,Roger_Carey,Roger Carey,1971-05-03,1343 21street Nevada US,R
Albert_Li@gmail.com,Albert_Li,Albert Li,1971-10-26,2053 18street Michigan US,R
Tom_Carey@msn.com,Tom_Carey,Tom Carey,1981-01-13,949 11street Utah US,R
Alex_Peterson@gmail.com,Alex_Peterson,Alex Peterson,1958-01-13,1471 6street Colarado US,R
Betty_Lomet@yahoo.com,Betty_Lomet,Betty Lomet,1971-03-12,683 7street Illinois US,R
Sarena_DSouza@msn.com,Sarena_DSouza,Sarena DSouza,1957-08-15,169 8street Florida US,R
Nadir_Karipova@msn.com,Nadir_Karipova,Nadir Karipova,1963-09-09,1948 22street California US,R
Nadir_Wood@msn.com,Nadir_Wood,Nadir Wood,1972-08-05,794 22street Pennsylvania US,R
Nadir_Li@gmail.com,Nadir_Li,Nadir Li,1991-02-19,1137 8street Wyoming US,R
Sam_Li@msn.com,Sam_Li,Sam Li,1984-11-28,1365 8street Nevada US,R
David_Parker@msn.com,David_Parker,David Parker,1964-07-11,354 23street Florida US,R
Celina_Larson@yahoo.com,Celina_Larson,Celina Larson,1992-09-25,369 1street Ney York US,R
Elena_Parker@yahoo.com,Elena_Parker,Elena Parker,1971-05-05,895 1street Wyoming US,R
Alex_Larson@gmail.com,Alex_Larson,Alex Larson,1991-02-17,707 17street California US,R
Alex_Wood@yahoo.com,Alex_Wood,Alex Wood,1955-11-14,1301 2street Michigan US,R
Mike_Keit@hotmail.com,Mike_Keit,Mike Keit,1977-08-13,1274 8street Texas US,R
Charles_Chrysler@yahoo.com,Charles_Chrysler,Charles Chrysler,1975-11-24,1450 20street Nevada US,R
Monica_Lomet@hotmail.com,Monica_Lomet,Monica Lomet,1981-12-14,1182 4street Nevada US,R
Tom_Wood@msn.com,Tom_Wood,Tom Wood,1963-01-07,575 15street Masachussets US,R
Bruno_Lomet@gmail.com,Bruno_Lomet,Bruno Lomet,1984-04-19,429 7street Utah US,R
George_Parker@hotmail.com,George_Parker,George Parker,1955-03-28,652 9street Nevada US,R
Denny_Toddbridge@hotmail.com,Denny_Toddbridge,Denny Toddbridge,1984-11-08,815 9street Hawaii US,R
Albert_Smith@msn.com,Albert_Smith,Albert Smith,1987-06-21,1868 1street Ney York US,R
George_Lomet@msn.com,George_Lomet,George Lomet,1990-06-02,208 16street Illinois US,R
Bruno_Karipova@yahoo.com,Bruno_Karipova,Bruno Karipova,1992-12-05,187 24street Washington US,R
Charles_Parker@msn.com,Charles_Parker,Charles Parker,1976-07-19,1587 17street Utah US,R
Gina_Smith@msn.com,Gina_Smith,Gina Smith,1956-12-04,2042 1street Oregon US,R
Bruno_Smith@msn.com,Bruno_Smith,Bruno Smith,1971-05-21,1866 7street Pennsylvania US,R
Emma_Smith@hotmail.com,Emma_Smith,Emma Smith,1989-05-11,1685 25street Ney York US,R
Monica_DSouza@msn.com,Monica_DSouza,Monica DSouza,1988-09-18,841 14street Illinois US,R
Bruno_Li@msn.com,Bruno_Li,Bruno Li,1957-10-19,1767 19street Colarado US,R
George_Goldstein@gmail.com,George_Goldstein,George Goldstein,1972-03-02,433 13street Ney York US,R
Gina_Helibron@gmail.com,Gina_Helibron,Gina Helibron,1984-09-10,1703 10street Ney York US,R
Charles_DSouza@gmail.com,Charles_DSouza,Charles DSouza,1994-11-21,649 20street Masachussets US,R
Christy_Lomet@yahoo.com,Christy_Lomet,Christy Lomet,1967-11-20,271 20street Washington US,R
Erie_DSouza@hotmail.com,Erie_DSouza,Erie DSouza,1968-10-03,1456 15street Masachussets US,R
Gina_Parker@hotmail.com,Gina_Parker,Gina Parker,1974-10-15,618 24street Illinois US,R
Elena_DSouza@gmail.com,Elena_DSouza,Elena DSouza,1963-10-08,415 10street Colarado US,R
Bruno_Parker@hotmail.com,Bruno_Parker,Bruno Parker,1964-06-18,694 18street Utah US,R
Sarena_Li@gmail.com,Sarena_Li,Sarena Li,1977-09-23,216 3street Pennsylvania US,R
Mary_Smith@gmail.com,Mary_Smith,Mary Smith,1959-07-16,702 25street California US,R
Gabriela_Li@hotmail.com,Gabriela_Li,Gabriela Li,1962-05-21,526 15street Pennsylvania US,R
Kitty_Helibron@hotmail.com,Kitty_Helibron,Kitty Helibron,1985-02-27,1775 19street Wyoming US,R
Christy_Helibron@hotmail.com,Christy_Helibron,Christy Helibron,1982-10-04,860 17street Wyoming US,R
Emma_Goldstein@yahoo.com,Emma_Goldstein,Emma Goldstein,1969-01-15,425 11street California US,R
Nadir_Helibron@gmail.com,Nadir_Helibron,Nadir Helibron,1979-09-22,1559 25street Michigan US,R
Charles_Peterson@msn.com,Charles_Peterson,Charles Peterson,1986-04-16,656 22street Washington US,R
Charles_Karipova@msn.com,Charles_Karipova,Charles Karipova,1959-06-04,434 12street Nevada US,R
Roger_DSouza@yahoo.com,Roger_DSouza,Roger DSouza,1974-07-13,1228 8street Illinois US,R
Albert_Larson@hotmail.com,Albert_Larson,Albert Larson,1963-12-25,906 13street Wyoming US,R
Celina_Toddbridge@gmail.com,Celina_Toddbridge,Celina Toddbridge,1962-08-28,1185 16street Oregon US,R
Sam_Goldstein@yahoo.com,Sam_Goldstein,Sam Goldstein,1994-10-11,523 9street Wyoming US,R
Gina_Carey@gmail.com,Gina_Carey,Gina Carey,1958-12-06,1820 18street Michigan US,R
Denny_Larson@yahoo.com,Denny_Larson,Denny Larson,1979-09-22,1688 25street Utah US,R
Emma_Parker@hotmail.com,Emma_Parker,Emma Parker,1978-09-08,1771 25street Nevada US,R
Jeremy_Goldstein@hotmail.com,Jeremy_Goldstein,Jeremy Goldstein,1958-07-28,700 6street Hawaii US,R
Albert_Helibron@yahoo.com,Albert_Helibron,Albert Helibron,1976-09-08,188 20street Colarado US,R
Emma_DSouza@msn.com,Emma_DSouza,Emma DSouza,1982-12-27,1031 21street Michigan US,R
John_Wood@yahoo.com,John_Wood,John Wood,1986-12-09,538 12street California US,R
Jeremy_Carey@msn.com,Jeremy_Carey,Jeremy Carey,1968-09-12,1244 18street Florida US,R
Peter_Keit@msn.com,Peter_Keit,Peter Keit,1968-06-25,1812 1street Illinois US,R
Celina_Parker@gmail.com,Celina_Parker,Celina Parker,1960-06-24,1531 9street Oregon US,R
John_Chrysler@hotmail.com,John_Chrysler,John Chrysler,1982-10-25,1841 9street California US,R
Nadir_Goldstein@yahoo.com,Nadir_Goldstein,Nadir Goldstein,1974-12-18,1252 6street Utah US,R
Betty_Wood@yahoo.com,Betty_Wood,Betty Wood,1967-11-26,1226 11street Michigan US,R
Gina_Larson@msn.com,Gina_Larson,Gina Larson,1981-09-25,128 2street Nevada US,R
Sam_DSouza@msn.com,Sam_DSouza,Sam DSouza,1973-04-09,838 21street Pennsylvania US,R
Elena_Chrysler@msn.com,Elena_Chrysler,Elena Chrysler,1982-04-13,1547 3street Texas US,R
Roger_Larson@yahoo.com,Roger_Larson,Roger Larson,1962-06-07,239 16street Colarado US,R
Denny_Goldstein@msn.com,Denny_Goldstein,Denny Goldstein,1965-11-25,999 1street Masachussets US,R
Sam_Helibron@yahoo.com,Sam_Helibron,Sam Helibron,1974-11-27,1126 12street Oregon US,R
Mandy_Wood@msn.com,Mandy_Wood,Mandy Wood,1975-04-04,1267 20street Utah US,R
Denny_Keit@yahoo.com,Denny_Keit,Denny Keit,1968-10-06,1876 6street Washington US,R
Sam_Larson@yahoo.com,Sam_Larson,Sam Larson,1987-08-12,1866 21street Utah US,R
Erie_Karipova@msn.com,Erie_Karipova,Erie Karipova,1992-08-07,222 24street Florida US,R
Alex_Carey@gmail.com,Alex_Carey,Alex Carey,1966-06-02,1303 11street Pennsylvania US,R
Michael_Phelps@uss.net,MichaelPhelps,MichaelPhelps,1989-04-05,1536 4street Colarado US,C
John_Travolta@jtv.com,JohnTravolta,JohnTravolta,1982-04-25,1562 17street Utah US,C
Morgan_Freeman@morgan.com,MorganFreeman,MorganFreeman,1985-09-12,1813 6street Wyoming US,C
Nicholas_Cage@ncg.com,NicholasCage,NicholasCage,1965-04-01,547 20street Washington US,C
Venus_Williams@usta.net,VenusWilliams,VenusWilliams,1975-03-05,337 10street Hawaii US,C
Sandra_Bullock@blk.com,SandraBullock,SandraBullock,1986-08-12,311 16street Oregon US,C
Brad_Pitt@pitt.com,BradPitt,BradPitt,1974-08-15,665 21street Colarado US,C
Julia_Roberts_@rbt.com,JuliaRoberts,JuliaRoberts,1967-09-04,1258 7street Hawaii US,C
Serena_Williams@usta.net,SerenaWilliams,SerenaWilliams,1991-04-22,2020 24street Washington US,C
Bruce_Willis@bws.com,BruceWillis,BruceWillis,1963-06-26,2028 2street Utah US,C
Mariah_Carey@sng.net,MariahCarey,MariahCarey,1976-05-11,1928 18street Nevada US,C
David_Beckham@uks.net,DavidBeckham,DavidBeckham,1965-05-01,908 17street Wyoming US,C
Nicole_Kidman@kid.com,NicoleKidman,NicoleKidman,1969-12-02,908 9street Hawaii US,C
Rafael_Nadal@sta.net,RafaelNadal,RafaelNadal,1994-09-26,1054 18street Utah US,C
Tom_Hanks@thk.com,TomHanks,TomHanks,1987-02-20,259 2street Washington US,C
Justin_Timberlake@tlk.com,JustinTimberlake,JustinTimberlake,1972-08-10,1475 8street Wyoming US,C
Roger_Federer@swta.net,RogerFederer,RogerFederer,1987-05-17,1400 2street Pennsylvania US,C